model,input_size,num_procs,sample_size,m,branching_factor,index_time,search_time,recall,activation_rate
pyramid_v2,256000,128,10240,128,8,294.024,28.5702,0.98575,0.0625
pyramid_v2,256000,128,10240,256,8,231.14,20.112,0.987215,0.0566908
pyramid_v2,256000,128,10240,512,8,215.247,18.4903,0.988676,0.0554468
pyramid_v2,256000,128,10240,1024,8,203.305,14.1278,0.989656,0.0537782
pyramid_v2,256000,128,10240,2048,8,288.94,15.8326,0.986738,0.0556743
