model,input_size,num_procs,sample_size,m,branching_factor,index_time,search_time,recall,activation_rate
pyramid_v2,256000,128,10240,512,1,35.0934,1.46052,0.936824,0.0078125
pyramid_v2,256000,128,10240,512,2,62.6311,3.55653,0.968453,0.0150771
pyramid_v2,256000,128,10240,512,4,167.611,10.4529,0.977941,0.0284763
pyramid_v2,256000,128,10240,512,8,279.96,16.8236,0.985918,0.0530506
pyramid_v2,256000,128,10240,512,16,378.425,33.1274,0.992184,0.103631
pyramid_v2,256000,128,10240,512,32,769.656,69.9748,0.994785,0.202357
pyramid_v2,256000,128,10240,512,64,896.629,80.0904,0.994187,0.369835
